source_url,page_title,index,quote,citation,image_url,image_alt,html
https://ivmf.syracuse.edu/about-ivmf/,About IVMF,1,"“Leave your rank at the door, be prepared to start at the bottom. Your experience in the Military is invaluable, but with a new profession you are going to have learn new things, and there is no better place to do that in the trenches. Right now, that’s what I’m doing in the classroom. I’m using my vast leadership experience to help make me successful yet learning everyday about a new profession. O2O helped me get in the right mindset do that.” Military Installation: Fort Carson CISSP Graduate Corpus Christi Catholic School Spanish Teacher, Since August 5, 2018","Dan Walker Jr. Major, US Army",https://ivmf.syracuse.edu/wp-content/uploads/2019/09/DanWalker1.jpg,Onward to opportunity graduate Dan Walker.,"<div class=""testimonial background-white"">
<article class=""grid-container"">
<div class=""grid-x"">
<div class=""image-conainer"">
<img alt=""Onward to opportunity graduate Dan Walker."" class=""image image-size_column-4"" loading=""lazy"" src=""https://ivmf.syracuse.edu/wp-content/uploads/2019/09/DanWalker1.jpg"" srcset=""https://ivmf.syracuse.edu/wp-content/uploads/2019/09/DanWalker1.jpg 1381w, https://ivmf.syracuse.edu/wp-content/uploads/2019/09/DanWalker1-150x150.jpg 150w, https://ivmf.syracuse.edu/wp-content/uploads/2019/09/DanWalker1-300x300.jpg 300w, https://ivmf.syracuse.edu/wp-content/uploads/2019/09/DanWalker1-768x768.jpg 768w, https://ivmf.syracuse.edu/wp-content/uploads/2019/09/DanWalker1-1024x1024.jpg 1024w, https://ivmf.syracuse.edu/wp-content/uploads/2019/09/DanWalker1-125x125.jpg 125w, https://ivmf.syracuse.edu/wp-content/uploads/2019/09/DanWalker1-50x50.jpg 50w, https://ivmf.syracuse.edu/wp-content/uploads/2019/09/DanWalker1-640x640.jpg 640w"" title=""Onward to opportunity graduate Dan Walker.""/> </div>
<div class=""copy"">
<div class=""quote"">
<p>“Leave your rank at the door, be prepared to start at the bottom. Your experience in the Military is invaluable, but with a new profession you are going to have learn new things, and there is no better place to do that in the trenches. Right now, that’s what I’m doing in the classroom. I’m using my vast leadership experience to help make me successful yet learning everyday about a new profession. O2O helped me get in the right mindset do that.”</p>
<p>Military Installation: Fort Carson<br/>
CISSP Graduate<br/>
Corpus Christi Catholic School Spanish Teacher, Since August 5, 2018</p>
</div>
<div class=""personal_details"">
<p>Dan Walker Jr.</p>
<p>Major, US Army</p>
</div>
</div>
</div>
</article>
</div>"
https://ivmf.syracuse.edu/about-ivmf/impact/,Impact,1,“All the mentors and (O2O) themselves are geared to work around your schedule… it is designed for you and the people are very dedicated in what they do. The knowledge they’ve given me through the interview process and being able to connect with hiring managers and getting their input on how I should sell myself has helped a lot.” O2O Site: Joint Base San Antonio Certified Associate in Project Management (CAPM) Graduate,Laura Alvarado Military Spouse,https://ivmf.syracuse.edu/wp-content/uploads/2019/09/L.Alvarado.jpeg,Onward to opportunity graduate Alvarado.,"<div class=""testimonial background-gray"">
<article class=""grid-container"">
<div class=""grid-x"">
<div class=""image-conainer"">
<img alt=""Onward to opportunity graduate Alvarado."" class=""image image-size_column-4"" loading=""lazy"" src=""https://ivmf.syracuse.edu/wp-content/uploads/2019/09/L.Alvarado.jpeg"" srcset=""https://ivmf.syracuse.edu/wp-content/uploads/2019/09/L.Alvarado.jpeg 614w, https://ivmf.syracuse.edu/wp-content/uploads/2019/09/L.Alvarado-150x150.jpeg 150w, https://ivmf.syracuse.edu/wp-content/uploads/2019/09/L.Alvarado-300x300.jpeg 300w, https://ivmf.syracuse.edu/wp-content/uploads/2019/09/L.Alvarado-125x125.jpeg 125w, https://ivmf.syracuse.edu/wp-content/uploads/2019/09/L.Alvarado-50x50.jpeg 50w"" title=""Onward to opportunity graduate Alvarado.""/> </div>
<div class=""copy"">
<div class=""quote"">
<p>“All the mentors and (O2O) themselves are geared to work around your schedule… it is designed for you and the people are very dedicated in what they do. The knowledge they’ve given me through the interview process and being able to connect with hiring managers and getting their input on how I should sell myself has helped a lot.”</p>
<p>O2O Site: Joint Base San Antonio<br/>
Certified Associate in Project Management (CAPM) Graduate</p>
</div>
<div class=""personal_details"">
<p>Laura Alvarado</p>
<p>Military Spouse</p>
</div>
</div>
</div>
</article>
</div>"
https://ivmf.syracuse.edu/about-ivmf/connection-with-su/,Why Syracuse University,1,"“…what great and unique opportunity, especially as a veteran that Syracuse University was willing to take on the financial burden of making sure we get professionally certified and that we’re ready to transition or have a much better transition; have more opportunities at our doorstep once we leave the gate for the last time.” O2O Site: Joint Base San Antonio PMP Graduate",Curtis Brown US Air Force Veteran,https://ivmf.syracuse.edu/wp-content/uploads/2019/09/C.Brown_.jpg,Onward to opportunity graduate Brown.,"<div class=""testimonial background-white"">
<article class=""grid-container"">
<div class=""grid-x"">
<div class=""image-conainer"">
<img alt=""Onward to opportunity graduate Brown."" class=""image image-size_column-4"" loading=""lazy"" src=""https://ivmf.syracuse.edu/wp-content/uploads/2019/09/C.Brown_.jpg"" srcset=""https://ivmf.syracuse.edu/wp-content/uploads/2019/09/C.Brown_.jpg 500w, https://ivmf.syracuse.edu/wp-content/uploads/2019/09/C.Brown_-150x150.jpg 150w, https://ivmf.syracuse.edu/wp-content/uploads/2019/09/C.Brown_-300x300.jpg 300w, https://ivmf.syracuse.edu/wp-content/uploads/2019/09/C.Brown_-125x125.jpg 125w, https://ivmf.syracuse.edu/wp-content/uploads/2019/09/C.Brown_-50x50.jpg 50w"" title=""Onward to opportunity graduate Brown.""/> </div>
<div class=""copy"">
<div class=""quote"">
<p>“…what great and unique opportunity, especially as a veteran that Syracuse University was willing to take on the financial burden of making sure we get professionally certified and that we’re ready to transition or have a much better transition; have more opportunities at our doorstep once we leave the gate for the last time.”</p>
<p>O2O Site: Joint Base San Antonio<br/>
PMP Graduate</p>
</div>
<div class=""personal_details"">
<p>Curtis Brown</p>
<p>US Air Force Veteran</p>
</div>
</div>
</div>
</article>
</div>"
https://ivmf.syracuse.edu/programs/,Programs,1,"“For obvious reasons the fact that O2O pays for professional certifications makes the program stand out. Financially, it’s phenomenal for a transitioning service member, veteran or military spouse…All the certifications they provide, they’re no joke. It takes a lot of work. It’s for people who are serious about their career and serious about getting a professional certification.” Military Installation: Joint Base Lewis–McChord (JBLM) Six Sigma Green Belt Graduate (Certified) Pursing an MBA with a concentration in Operations Management","Marissa Caruso First Lieutenant (O2), US ARMY (4 Years)",https://ivmf.syracuse.edu/wp-content/uploads/2019/09/Marisa-Caruso1.jpg,Onward to opportunity graduate Marisa Caruso.,"<div class=""testimonial background-white"">
<article class=""grid-container"">
<div class=""grid-x"">
<div class=""image-conainer"">
<img alt=""Onward to opportunity graduate Marisa Caruso."" class=""image image-size_column-4"" loading=""lazy"" src=""https://ivmf.syracuse.edu/wp-content/uploads/2019/09/Marisa-Caruso1.jpg"" srcset=""https://ivmf.syracuse.edu/wp-content/uploads/2019/09/Marisa-Caruso1.jpg 3500w, https://ivmf.syracuse.edu/wp-content/uploads/2019/09/Marisa-Caruso1-150x150.jpg 150w, https://ivmf.syracuse.edu/wp-content/uploads/2019/09/Marisa-Caruso1-300x300.jpg 300w, https://ivmf.syracuse.edu/wp-content/uploads/2019/09/Marisa-Caruso1-768x768.jpg 768w, https://ivmf.syracuse.edu/wp-content/uploads/2019/09/Marisa-Caruso1-1024x1024.jpg 1024w, https://ivmf.syracuse.edu/wp-content/uploads/2019/09/Marisa-Caruso1-125x125.jpg 125w, https://ivmf.syracuse.edu/wp-content/uploads/2019/09/Marisa-Caruso1-50x50.jpg 50w, https://ivmf.syracuse.edu/wp-content/uploads/2019/09/Marisa-Caruso1-640x640.jpg 640w, https://ivmf.syracuse.edu/wp-content/uploads/2019/09/Marisa-Caruso1-1440x1440.jpg 1440w, https://ivmf.syracuse.edu/wp-content/uploads/2019/09/Marisa-Caruso1-2048x2048.jpg 2048w"" title=""Onward to opportunity graduate Marisa Caruso.""/> </div>
<div class=""copy"">
<div class=""quote"">
<p>“For obvious reasons the fact that O2O pays for professional certifications makes the program stand out. Financially, it’s phenomenal for a transitioning service member, veteran or military spouse…All the certifications they provide, they’re no joke. It takes a lot of work. It’s for people who are serious about their career and serious about getting a professional certification.”</p>
<p>Military Installation: Joint Base Lewis–McChord (JBLM)<br/>
Six Sigma Green Belt Graduate (Certified)<br/>
Pursing an MBA with a concentration in Operations Management</p>
</div>
<div class=""personal_details"">
<p>Marissa Caruso</p>
<p>First Lieutenant (O2), US ARMY (4 Years)</p>
</div>
</div>
</div>
</article>
</div>"
https://ivmf.syracuse.edu/programs/entrepreneurship/getting-started/,Getting Started,1,"“Obviously the certifications are a big draw (of O2O), but also getting plugged into the Onward to Opportunity network wherever they’re located is a big help.” Military Installation: Camp Lejeune, NC CompTIA Network+ Graduate IT Specialist, Kingfisher Systems","Douglas Proffitt Chief Warrant Officer, US Marines",https://ivmf.syracuse.edu/wp-content/uploads/2019/09/Douglas_Proffitt.jpg,Onward to opportunity graduate Douglas Proffitt.,"<div class=""testimonial background-white"">
<article class=""grid-container"">
<div class=""grid-x"">
<div class=""image-conainer"">
<img alt=""Onward to opportunity graduate Douglas Proffitt."" class=""image image-size_column-4"" loading=""lazy"" src=""https://ivmf.syracuse.edu/wp-content/uploads/2019/09/Douglas_Proffitt.jpg"" srcset=""https://ivmf.syracuse.edu/wp-content/uploads/2019/09/Douglas_Proffitt.jpg 555w, https://ivmf.syracuse.edu/wp-content/uploads/2019/09/Douglas_Proffitt-150x150.jpg 150w, https://ivmf.syracuse.edu/wp-content/uploads/2019/09/Douglas_Proffitt-300x298.jpg 300w, https://ivmf.syracuse.edu/wp-content/uploads/2019/09/Douglas_Proffitt-125x125.jpg 125w, https://ivmf.syracuse.edu/wp-content/uploads/2019/09/Douglas_Proffitt-50x50.jpg 50w"" title=""Onward to opportunity graduate Douglas Proffitt.""/> </div>
<div class=""copy"">
<div class=""quote"">
<p>“Obviously the certifications are a big draw (of O2O), but also getting plugged into the Onward to Opportunity network wherever they’re located is a big help.”</p>
<p>Military Installation: Camp Lejeune, NC<br/>
CompTIA Network+ Graduate<br/>
IT Specialist, Kingfisher Systems</p>
</div>
<div class=""personal_details"">
<p>Douglas Proffitt</p>
<p>Chief Warrant Officer, US Marines</p>
</div>
</div>
</div>
</article>
</div>"
https://ivmf.syracuse.edu/programs/entrepreneurship/ideation/,Ideation,1,"“Perhaps not a quote, but a general philosophy: for each military assignment you had to walk into a new role, new environment, take on new challenges and reach new summits. Transitioning to the civilian world is no different. Use your hard-earned skills of research, reconnaissance and observation and be willing to learn from those around you and change your approaches to getting what you want and need for you and your family post-military. Colleagues that were inflexible and unwilling to understand and adapt to the civilian world (which is a lot bigger than the military microcosm) were not as successful. The longer you’re not successful, the harder it becomes…sometimes ending up in a vicious circle.” Military Installation: Fort Carson Sec+ Graduate Defense Senior Project Manager, GPS Source, Since September 2018","Bryan Trinkle Lt. Col., US Air Force",https://ivmf.syracuse.edu/wp-content/uploads/2019/09/Trinkle8.jpg,onward to opportunity graduate,"<div class=""testimonial background-white"">
<article class=""grid-container"">
<div class=""grid-x"">
<div class=""image-conainer"">
<img alt=""onward to opportunity graduate"" class=""image image-size_column-4"" loading=""lazy"" src=""https://ivmf.syracuse.edu/wp-content/uploads/2019/09/Trinkle8.jpg"" srcset=""https://ivmf.syracuse.edu/wp-content/uploads/2019/09/Trinkle8.jpg 2421w, https://ivmf.syracuse.edu/wp-content/uploads/2019/09/Trinkle8-150x150.jpg 150w, https://ivmf.syracuse.edu/wp-content/uploads/2019/09/Trinkle8-300x300.jpg 300w, https://ivmf.syracuse.edu/wp-content/uploads/2019/09/Trinkle8-768x768.jpg 768w, https://ivmf.syracuse.edu/wp-content/uploads/2019/09/Trinkle8-1024x1024.jpg 1024w, https://ivmf.syracuse.edu/wp-content/uploads/2019/09/Trinkle8-125x125.jpg 125w, https://ivmf.syracuse.edu/wp-content/uploads/2019/09/Trinkle8-50x50.jpg 50w, https://ivmf.syracuse.edu/wp-content/uploads/2019/09/Trinkle8-640x640.jpg 640w, https://ivmf.syracuse.edu/wp-content/uploads/2019/09/Trinkle8-1440x1439.jpg 1440w, https://ivmf.syracuse.edu/wp-content/uploads/2019/09/Trinkle8-2048x2047.jpg 2048w"" title=""onward to opportunity graduate""/> </div>
<div class=""copy"">
<div class=""quote"">
<p>“Perhaps not a quote, but a general philosophy: for each military assignment you had to walk into a new role, new environment, take on new challenges and reach new summits. Transitioning to the civilian world is no different. Use your hard-earned skills of research, reconnaissance and observation and be willing to learn from those around you and change your approaches to getting what you want and need for you and your family post-military. Colleagues that were inflexible and unwilling to understand and adapt to the civilian world (which is a lot bigger than the military microcosm) were not as successful. The longer you’re not successful, the harder it becomes…sometimes ending up in a vicious circle.”</p>
<p>Military Installation: Fort Carson<br/>
Sec+ Graduate<br/>
Defense Senior Project Manager, GPS Source, Since September 2018</p>
</div>
<div class=""personal_details"">
<p>Bryan Trinkle</p>
<p>Lt. Col., US Air Force</p>
</div>
</div>
</div>
</article>
</div>"
https://ivmf.syracuse.edu/programs/entrepreneurship/start-up/v-wise/,Veteran Women Igniting the Spirit of Entrepreneurship (V-WISE),1,"“I would absolutely recommend V-WISE because I now see how passionate and invested this entire organization is to women, veterans and spouses on their journey of changing their current situation. I love the support that is illuminated when it comes to starting one’s business. I look forward to the future and future IVMF events.”",Tricia-Ann Beckford MBA V-WISE Jacksonville,https://ivmf.syracuse.edu/wp-content/uploads/2023/12/tricia-ann-beckford-e1701967588787.jpg,,"<div class=""testimonial background-gray"">
<article class=""grid-container"">
<div class=""grid-x"">
<div class=""image-conainer"">
<img alt="""" class=""image image-size_column-4"" loading=""lazy"" src=""https://ivmf.syracuse.edu/wp-content/uploads/2023/12/tricia-ann-beckford-e1701967588787.jpg"" srcset=""https://ivmf.syracuse.edu/wp-content/uploads/2023/12/tricia-ann-beckford-e1701967588787.jpg 1668w, https://ivmf.syracuse.edu/wp-content/uploads/2023/12/tricia-ann-beckford-e1701967588787-297x300.jpg 297w, https://ivmf.syracuse.edu/wp-content/uploads/2023/12/tricia-ann-beckford-e1701967588787-1012x1024.jpg 1012w, https://ivmf.syracuse.edu/wp-content/uploads/2023/12/tricia-ann-beckford-e1701967588787-768x777.jpg 768w, https://ivmf.syracuse.edu/wp-content/uploads/2023/12/tricia-ann-beckford-e1701967588787-1519x1536.jpg 1519w, https://ivmf.syracuse.edu/wp-content/uploads/2023/12/tricia-ann-beckford-e1701967588787-500x506.jpg 500w, https://ivmf.syracuse.edu/wp-content/uploads/2023/12/tricia-ann-beckford-e1701967588787-800x809.jpg 800w, https://ivmf.syracuse.edu/wp-content/uploads/2023/12/tricia-ann-beckford-e1701967588787-1280x1295.jpg 1280w, https://ivmf.syracuse.edu/wp-content/uploads/2023/12/tricia-ann-beckford-e1701967588787-125x125.jpg 125w, https://ivmf.syracuse.edu/wp-content/uploads/2023/12/tricia-ann-beckford-e1701967588787-50x51.jpg 50w, https://ivmf.syracuse.edu/wp-content/uploads/2023/12/tricia-ann-beckford-e1701967588787-640x647.jpg 640w, https://ivmf.syracuse.edu/wp-content/uploads/2023/12/tricia-ann-beckford-e1701967588787-1024x1036.jpg 1024w, https://ivmf.syracuse.edu/wp-content/uploads/2023/12/tricia-ann-beckford-e1701967588787-1440x1456.jpg 1440w"" title=""""/> </div>
<div class=""copy"">
<div class=""quote"">
<p>“I would absolutely recommend V-WISE because I now see how passionate and invested this entire organization is to women, veterans and spouses on their journey of changing their current situation. I love the support that is illuminated when it comes to starting one’s business. I look forward to the future and future IVMF events.”</p>
</div>
<div class=""personal_details"">
<p>Tricia-Ann Beckford</p>
<p>MBA  V-WISE Jacksonville</p>
</div>
</div>
</div>
</article>
</div>"
https://ivmf.syracuse.edu/programs/entrepreneurship/start-up/v-wise/v-wise-application/,Veteran Women Igniting the Spirit of Entrepreneurship (V-WISE),1,"“I would absolutely recommend V-WISE because I now see how passionate and invested this entire organization is to women, veterans and spouses on their journey of changing their current situation. I love the support that is illuminated when it comes to starting one’s business. I look forward to the future and future IVMF events.”",Tricia-Ann Beckford MBA V-WISE Jacksonville,https://ivmf.syracuse.edu/wp-content/uploads/2023/12/tricia-ann-beckford-e1701967588787.jpg,,"<div class=""testimonial background-gray"">
<article class=""grid-container"">
<div class=""grid-x"">
<div class=""image-conainer"">
<img alt="""" class=""image image-size_column-4"" loading=""lazy"" src=""https://ivmf.syracuse.edu/wp-content/uploads/2023/12/tricia-ann-beckford-e1701967588787.jpg"" srcset=""https://ivmf.syracuse.edu/wp-content/uploads/2023/12/tricia-ann-beckford-e1701967588787.jpg 1668w, https://ivmf.syracuse.edu/wp-content/uploads/2023/12/tricia-ann-beckford-e1701967588787-297x300.jpg 297w, https://ivmf.syracuse.edu/wp-content/uploads/2023/12/tricia-ann-beckford-e1701967588787-1012x1024.jpg 1012w, https://ivmf.syracuse.edu/wp-content/uploads/2023/12/tricia-ann-beckford-e1701967588787-768x777.jpg 768w, https://ivmf.syracuse.edu/wp-content/uploads/2023/12/tricia-ann-beckford-e1701967588787-1519x1536.jpg 1519w, https://ivmf.syracuse.edu/wp-content/uploads/2023/12/tricia-ann-beckford-e1701967588787-500x506.jpg 500w, https://ivmf.syracuse.edu/wp-content/uploads/2023/12/tricia-ann-beckford-e1701967588787-800x809.jpg 800w, https://ivmf.syracuse.edu/wp-content/uploads/2023/12/tricia-ann-beckford-e1701967588787-1280x1295.jpg 1280w, https://ivmf.syracuse.edu/wp-content/uploads/2023/12/tricia-ann-beckford-e1701967588787-125x125.jpg 125w, https://ivmf.syracuse.edu/wp-content/uploads/2023/12/tricia-ann-beckford-e1701967588787-50x51.jpg 50w, https://ivmf.syracuse.edu/wp-content/uploads/2023/12/tricia-ann-beckford-e1701967588787-640x647.jpg 640w, https://ivmf.syracuse.edu/wp-content/uploads/2023/12/tricia-ann-beckford-e1701967588787-1024x1036.jpg 1024w, https://ivmf.syracuse.edu/wp-content/uploads/2023/12/tricia-ann-beckford-e1701967588787-1440x1456.jpg 1440w"" title=""""/> </div>
<div class=""copy"">
<div class=""quote"">
<p>“I would absolutely recommend V-WISE because I now see how passionate and invested this entire organization is to women, veterans and spouses on their journey of changing their current situation. I love the support that is illuminated when it comes to starting one’s business. I look forward to the future and future IVMF events.”</p>
</div>
<div class=""personal_details"">
<p>Tricia-Ann Beckford</p>
<p>MBA  V-WISE Jacksonville</p>
</div>
</div>
</div>
</article>
</div>"
https://ivmf.syracuse.edu/programs/entrepreneurship/start-up/ebvf/,Entrepreneurship Bootcamp for Veterans’ Families,1,"“It is hard for me to put into words how thankful I am for this opportunity. I came into this with a pretty basic understanding of entrepreneurship, and left knowing that anyone can become an entrepreneur as long as you build the right network. That is what the IMVF gives you. They treat you like family and truly care about your success.”",Killian Cowart EBV-F Graduate,https://ivmf.syracuse.edu/wp-content/uploads/2019/12/killian-cowart-e1576615452668.jpg,Killian Cowart,"<div class=""testimonial background-gray"">
<article class=""grid-container"">
<div class=""grid-x"">
<div class=""image-conainer"">
<img alt=""Killian Cowart"" class=""image image-size_column-4"" loading=""lazy"" src=""https://ivmf.syracuse.edu/wp-content/uploads/2019/12/killian-cowart-e1576615452668.jpg"" srcset=""https://ivmf.syracuse.edu/wp-content/uploads/2019/12/killian-cowart-e1576615452668.jpg 576w, https://ivmf.syracuse.edu/wp-content/uploads/2019/12/killian-cowart-e1576615452668-281x300.jpg 281w, https://ivmf.syracuse.edu/wp-content/uploads/2019/12/killian-cowart-e1576615452668-468x500.jpg 468w, https://ivmf.syracuse.edu/wp-content/uploads/2019/12/killian-cowart-e1576615452668-50x53.jpg 50w"" title=""Killian Cowart""/> </div>
<div class=""copy"">
<div class=""quote"">
<p>“It is hard for me to put into words how thankful I am for this opportunity.  I came into this with a pretty basic understanding of entrepreneurship, and left knowing that anyone can become an entrepreneur as long as you build the right network.  That is what the IMVF gives you.  They treat you like family and truly care about your success.”</p>
</div>
<div class=""personal_details"">
<p>Killian Cowart</p>
<p>EBV-F Graduate</p>
</div>
</div>
</div>
</article>
</div>"
https://ivmf.syracuse.edu/programs/career-training/,Career Training,1,"“Anyone I know that has transitioned or is getting ready to transition, I’m a big advocate for Onward to Opportunity. It’s been great for me, and I’ve seen it work not just for me – I’ve seen the people to the left of me and to the right of me in my cohort getting jobs.” Military installation: Fort Bragg, NC SAS Programming 1 & 2 Graduate Geospatial Intelligence Instructor, BAE Systems","Zekenyia Simmons Chief Warrant Officer 2, US Army",https://ivmf.syracuse.edu/wp-content/uploads/2019/09/zekenyia-simmons.jpg,Onward to opportunity graduate,"<div class=""testimonial background-white"">
<article class=""grid-container"">
<div class=""grid-x"">
<div class=""image-conainer"">
<img alt=""Onward to opportunity graduate"" class=""image image-size_column-4"" loading=""lazy"" src=""https://ivmf.syracuse.edu/wp-content/uploads/2019/09/zekenyia-simmons.jpg"" srcset=""https://ivmf.syracuse.edu/wp-content/uploads/2019/09/zekenyia-simmons.jpg 602w, https://ivmf.syracuse.edu/wp-content/uploads/2019/09/zekenyia-simmons-150x150.jpg 150w, https://ivmf.syracuse.edu/wp-content/uploads/2019/09/zekenyia-simmons-300x300.jpg 300w, https://ivmf.syracuse.edu/wp-content/uploads/2019/09/zekenyia-simmons-125x125.jpg 125w, https://ivmf.syracuse.edu/wp-content/uploads/2019/09/zekenyia-simmons-50x50.jpg 50w"" title=""Onward to opportunity graduate""/> </div>
<div class=""copy"">
<div class=""quote"">
<p>“Anyone I know that has transitioned or is getting ready to transition, I’m a big advocate for Onward to Opportunity. It’s been great for me, and I’ve seen it work not just for me – I’ve seen the people to the left of me and to the right of me in my cohort getting jobs.”</p>
<p>Military installation: Fort Bragg, NC<br/>
SAS Programming 1 &amp; 2 Graduate<br/>
Geospatial Intelligence Instructor, BAE Systems</p>
</div>
<div class=""personal_details"">
<p>Zekenyia Simmons</p>
<p>Chief Warrant Officer 2, US Army</p>
</div>
</div>
</div>
</article>
</div>"
https://ivmf.syracuse.edu/programs/career-training/faqs/,FAQ,1,"“The fact that the O2O provides training and professional certifications for military spouses is impressive to me. I cannot say enough good things about the program. From start to finish, wherever it is you want to go, they will get you there…On a near daily basis, we received e-mails of job openings that were relevant to our area of expertise, as well as information regarding upcoming job fairs.” O2O Site: Puget Sound Naval Shipyard (Bremerton, WA) Senior Professional in Human Resources (SPHR) Graduate Independent Representative, Primerica Financial Services",Kim Stirling Military Spouse (24 Years),https://ivmf.syracuse.edu/wp-content/uploads/2019/09/Kim-Stirling1.jpg,Onward to opportunity graduate Kim Stirling.,"<div class=""testimonial background-gray"">
<article class=""grid-container"">
<div class=""grid-x"">
<div class=""image-conainer"">
<img alt=""Onward to opportunity graduate Kim Stirling."" class=""image image-size_column-4"" loading=""lazy"" src=""https://ivmf.syracuse.edu/wp-content/uploads/2019/09/Kim-Stirling1.jpg"" srcset=""https://ivmf.syracuse.edu/wp-content/uploads/2019/09/Kim-Stirling1.jpg 3940w, https://ivmf.syracuse.edu/wp-content/uploads/2019/09/Kim-Stirling1-150x150.jpg 150w, https://ivmf.syracuse.edu/wp-content/uploads/2019/09/Kim-Stirling1-300x300.jpg 300w, https://ivmf.syracuse.edu/wp-content/uploads/2019/09/Kim-Stirling1-768x768.jpg 768w, https://ivmf.syracuse.edu/wp-content/uploads/2019/09/Kim-Stirling1-1024x1024.jpg 1024w, https://ivmf.syracuse.edu/wp-content/uploads/2019/09/Kim-Stirling1-125x125.jpg 125w, https://ivmf.syracuse.edu/wp-content/uploads/2019/09/Kim-Stirling1-50x50.jpg 50w, https://ivmf.syracuse.edu/wp-content/uploads/2019/09/Kim-Stirling1-640x640.jpg 640w, https://ivmf.syracuse.edu/wp-content/uploads/2019/09/Kim-Stirling1-1440x1440.jpg 1440w, https://ivmf.syracuse.edu/wp-content/uploads/2019/09/Kim-Stirling1-2048x2048.jpg 2048w"" title=""Onward to opportunity graduate Kim Stirling.""/> </div>
<div class=""copy"">
<div class=""quote"">
<p>“The fact that the O2O provides training and professional certifications for military spouses is impressive to me. I cannot say enough good things about the program. From start to finish, wherever it is you want to go, they will get you there…On a near daily basis, we received e-mails of job openings that were relevant to our area of expertise, as well as information regarding upcoming job fairs.”</p>
<p>O2O Site: Puget Sound Naval Shipyard (Bremerton, WA)<br/>
Senior Professional in Human Resources (SPHR) Graduate<br/>
Independent Representative, Primerica Financial Services</p>
</div>
<div class=""personal_details"">
<p>Kim Stirling</p>
<p>Military Spouse (24 Years)</p>
</div>
</div>
</div>
</article>
</div>"
https://ivmf.syracuse.edu/programs/career-training/employer-partners/,Employer Partners,1,"“The coursework was tremendously helpful and it was a very comprehensive program. During my transition I decided a lot of academic achievements were what I wanted to do next.” Military Installation: Fort Bragg, NC Project Management Professional (PMP) Graduate Technical Advisor, Northrop Grumman","Robert Tyson Master Sergeant, US Army",https://ivmf.syracuse.edu/wp-content/uploads/2019/09/robert_tyson.jpg,Onward to opportunity graduate Robert Tyson.,"<div class=""testimonial background-white"">
<article class=""grid-container"">
<div class=""grid-x"">
<div class=""image-conainer"">
<img alt=""Onward to opportunity graduate Robert Tyson."" class=""image image-size_column-4"" loading=""lazy"" src=""https://ivmf.syracuse.edu/wp-content/uploads/2019/09/robert_tyson.jpg"" srcset=""https://ivmf.syracuse.edu/wp-content/uploads/2019/09/robert_tyson.jpg 3500w, https://ivmf.syracuse.edu/wp-content/uploads/2019/09/robert_tyson-150x150.jpg 150w, https://ivmf.syracuse.edu/wp-content/uploads/2019/09/robert_tyson-300x300.jpg 300w, https://ivmf.syracuse.edu/wp-content/uploads/2019/09/robert_tyson-768x768.jpg 768w, https://ivmf.syracuse.edu/wp-content/uploads/2019/09/robert_tyson-1024x1024.jpg 1024w, https://ivmf.syracuse.edu/wp-content/uploads/2019/09/robert_tyson-125x125.jpg 125w, https://ivmf.syracuse.edu/wp-content/uploads/2019/09/robert_tyson-50x50.jpg 50w, https://ivmf.syracuse.edu/wp-content/uploads/2019/09/robert_tyson-640x640.jpg 640w, https://ivmf.syracuse.edu/wp-content/uploads/2019/09/robert_tyson-1440x1440.jpg 1440w, https://ivmf.syracuse.edu/wp-content/uploads/2019/09/robert_tyson-2048x2048.jpg 2048w"" title=""Onward to opportunity graduate Robert Tyson.""/> </div>
<div class=""copy"">
<div class=""quote"">
<p>“The coursework was tremendously helpful and it was a very comprehensive program. During my transition I decided a lot of academic achievements were what I wanted to do next.”</p>
<p>Military Installation: Fort Bragg, NC<br/>
Project Management Professional (PMP) Graduate<br/>
Technical Advisor, Northrop Grumman</p>
</div>
<div class=""personal_details"">
<p>Robert Tyson </p>
<p>Master Sergeant, US Army</p>
</div>
</div>
</div>
</article>
</div>"
https://ivmf.syracuse.edu/programs/career-training/o2o-locations/,O2O Locations,1,"“Obviously the certifications are a big draw (of O2O), but also getting plugged into the Onward to Opportunity network wherever they’re located is a big help.” Military Installation: Camp Lejeune, NC CompTIA Network+ Graduate IT Specialist, Kingfisher Systems","Douglas Proffitt Chief Warrant Officer, US Marines",https://ivmf.syracuse.edu/wp-content/uploads/2019/09/Douglas_Proffitt.jpg,Onward to opportunity graduate Douglas Proffitt.,"<div class=""testimonial background-white"">
<article class=""grid-container"">
<div class=""grid-x"">
<div class=""image-conainer"">
<img alt=""Onward to opportunity graduate Douglas Proffitt."" class=""image image-size_column-4"" loading=""lazy"" src=""https://ivmf.syracuse.edu/wp-content/uploads/2019/09/Douglas_Proffitt.jpg"" srcset=""https://ivmf.syracuse.edu/wp-content/uploads/2019/09/Douglas_Proffitt.jpg 555w, https://ivmf.syracuse.edu/wp-content/uploads/2019/09/Douglas_Proffitt-150x150.jpg 150w, https://ivmf.syracuse.edu/wp-content/uploads/2019/09/Douglas_Proffitt-300x298.jpg 300w, https://ivmf.syracuse.edu/wp-content/uploads/2019/09/Douglas_Proffitt-125x125.jpg 125w, https://ivmf.syracuse.edu/wp-content/uploads/2019/09/Douglas_Proffitt-50x50.jpg 50w"" title=""Onward to opportunity graduate Douglas Proffitt.""/> </div>
<div class=""copy"">
<div class=""quote"">
<p>“Obviously the certifications are a big draw (of O2O), but also getting plugged into the Onward to Opportunity network wherever they’re located is a big help.”</p>
<p>Military Installation: Camp Lejeune, NC<br/>
CompTIA Network+ Graduate<br/>
IT Specialist, Kingfisher Systems</p>
</div>
<div class=""personal_details"">
<p>Douglas Proffitt</p>
<p>Chief Warrant Officer, US Marines</p>
</div>
</div>
</div>
</article>
</div>"
https://ivmf.syracuse.edu/alumni,Alumni,1,"“The EBV-A and EDGE programs built upon my previous skills and experiences in civil engineering, software development, and digital marketing. Upon completing the programs, the IVMF continued to support me through their Post Program Support resources. I took advantage of their alumni network, ongoing mentorship opportunities, and access to additional training sessions. These services eased my transition and significantly benefited my business by providing continuous learning and networking opportunities. My experience with the IVMF has been incredibly positive. The organization’s dedication to empowering veteran entrepreneurs is evident in the quality of their programs and the ongoing support they provide. I am grateful for the knowledge, skills, and connections I gained through the EBV-A and EDGE programs, which have been pivotal in the growth and success of Patriot Conceptions.” IVMF Program Alumni: EDGE ’23, ’24 | EBV-A ’23 | VPPCE ’23 | CEOCircle ’24",Haotian Bai U.S. Army,https://ivmf.syracuse.edu/wp-content/uploads/2024/08/Haotian-Bai_web.jpg,Haotian Bai,"<div class=""testimonial background-gray"">
<article class=""grid-container"">
<div class=""grid-x"">
<div class=""image-conainer"">
<img alt=""Haotian Bai"" class=""image image-size_column-4"" loading=""lazy"" src=""https://ivmf.syracuse.edu/wp-content/uploads/2024/08/Haotian-Bai_web.jpg"" srcset=""https://ivmf.syracuse.edu/wp-content/uploads/2024/08/Haotian-Bai_web.jpg 1914w, https://ivmf.syracuse.edu/wp-content/uploads/2024/08/Haotian-Bai_web-300x300.jpg 300w, https://ivmf.syracuse.edu/wp-content/uploads/2024/08/Haotian-Bai_web-1024x1019.jpg 1024w, https://ivmf.syracuse.edu/wp-content/uploads/2024/08/Haotian-Bai_web-150x150.jpg 150w, https://ivmf.syracuse.edu/wp-content/uploads/2024/08/Haotian-Bai_web-768x764.jpg 768w, https://ivmf.syracuse.edu/wp-content/uploads/2024/08/Haotian-Bai_web-1536x1529.jpg 1536w, https://ivmf.syracuse.edu/wp-content/uploads/2024/08/Haotian-Bai_web-500x498.jpg 500w, https://ivmf.syracuse.edu/wp-content/uploads/2024/08/Haotian-Bai_web-800x796.jpg 800w, https://ivmf.syracuse.edu/wp-content/uploads/2024/08/Haotian-Bai_web-1280x1274.jpg 1280w, https://ivmf.syracuse.edu/wp-content/uploads/2024/08/Haotian-Bai_web-125x125.jpg 125w, https://ivmf.syracuse.edu/wp-content/uploads/2024/08/Haotian-Bai_web-50x50.jpg 50w, https://ivmf.syracuse.edu/wp-content/uploads/2024/08/Haotian-Bai_web-640x637.jpg 640w, https://ivmf.syracuse.edu/wp-content/uploads/2024/08/Haotian-Bai_web-1440x1433.jpg 1440w"" title=""Haotian Bai""/> </div>
<div class=""copy"">
<div class=""quote"">
<p>“The EBV-A and EDGE programs built upon my previous skills and experiences in civil engineering, software development, and digital marketing. Upon completing the programs, the IVMF continued to support me through their Post Program Support resources. I took advantage of their alumni network, ongoing mentorship opportunities, and access to additional training sessions. These services eased my transition and significantly benefited my business by providing continuous learning and networking opportunities. My experience with the IVMF has been incredibly positive. The organization’s dedication to empowering veteran entrepreneurs is evident in the quality of their programs and the ongoing support they provide. I am grateful for the knowledge, skills, and connections I gained through the EBV-A and EDGE programs, which have been pivotal in the growth and success of Patriot Conceptions.”</p>
<p>IVMF Program Alumni:<br/>
EDGE ’23, ’24 | EBV-A ’23 | VPPCE ’23 | CEOCircle ’24</p>
</div>
<div class=""personal_details"">
<p>Haotian Bai</p>
<p>U.S. Army</p>
</div>
</div>
</div>
</article>
</div>"
https://ivmf.syracuse.edu/alumni/o2o-pps/,Alumni,1,"“The EBV-A and EDGE programs built upon my previous skills and experiences in civil engineering, software development, and digital marketing. Upon completing the programs, the IVMF continued to support me through their Post Program Support resources. I took advantage of their alumni network, ongoing mentorship opportunities, and access to additional training sessions. These services eased my transition and significantly benefited my business by providing continuous learning and networking opportunities. My experience with the IVMF has been incredibly positive. The organization’s dedication to empowering veteran entrepreneurs is evident in the quality of their programs and the ongoing support they provide. I am grateful for the knowledge, skills, and connections I gained through the EBV-A and EDGE programs, which have been pivotal in the growth and success of Patriot Conceptions.” IVMF Program Alumni: EDGE ’23, ’24 | EBV-A ’23 | VPPCE ’23 | CEOCircle ’24",Haotian Bai U.S. Army,https://ivmf.syracuse.edu/wp-content/uploads/2024/08/Haotian-Bai_web.jpg,Haotian Bai,"<div class=""testimonial background-gray"">
<article class=""grid-container"">
<div class=""grid-x"">
<div class=""image-conainer"">
<img alt=""Haotian Bai"" class=""image image-size_column-4"" loading=""lazy"" src=""https://ivmf.syracuse.edu/wp-content/uploads/2024/08/Haotian-Bai_web.jpg"" srcset=""https://ivmf.syracuse.edu/wp-content/uploads/2024/08/Haotian-Bai_web.jpg 1914w, https://ivmf.syracuse.edu/wp-content/uploads/2024/08/Haotian-Bai_web-300x300.jpg 300w, https://ivmf.syracuse.edu/wp-content/uploads/2024/08/Haotian-Bai_web-1024x1019.jpg 1024w, https://ivmf.syracuse.edu/wp-content/uploads/2024/08/Haotian-Bai_web-150x150.jpg 150w, https://ivmf.syracuse.edu/wp-content/uploads/2024/08/Haotian-Bai_web-768x764.jpg 768w, https://ivmf.syracuse.edu/wp-content/uploads/2024/08/Haotian-Bai_web-1536x1529.jpg 1536w, https://ivmf.syracuse.edu/wp-content/uploads/2024/08/Haotian-Bai_web-500x498.jpg 500w, https://ivmf.syracuse.edu/wp-content/uploads/2024/08/Haotian-Bai_web-800x796.jpg 800w, https://ivmf.syracuse.edu/wp-content/uploads/2024/08/Haotian-Bai_web-1280x1274.jpg 1280w, https://ivmf.syracuse.edu/wp-content/uploads/2024/08/Haotian-Bai_web-125x125.jpg 125w, https://ivmf.syracuse.edu/wp-content/uploads/2024/08/Haotian-Bai_web-50x50.jpg 50w, https://ivmf.syracuse.edu/wp-content/uploads/2024/08/Haotian-Bai_web-640x637.jpg 640w, https://ivmf.syracuse.edu/wp-content/uploads/2024/08/Haotian-Bai_web-1440x1433.jpg 1440w"" title=""Haotian Bai""/> </div>
<div class=""copy"">
<div class=""quote"">
<p>“The EBV-A and EDGE programs built upon my previous skills and experiences in civil engineering, software development, and digital marketing. Upon completing the programs, the IVMF continued to support me through their Post Program Support resources. I took advantage of their alumni network, ongoing mentorship opportunities, and access to additional training sessions. These services eased my transition and significantly benefited my business by providing continuous learning and networking opportunities. My experience with the IVMF has been incredibly positive. The organization’s dedication to empowering veteran entrepreneurs is evident in the quality of their programs and the ongoing support they provide. I am grateful for the knowledge, skills, and connections I gained through the EBV-A and EDGE programs, which have been pivotal in the growth and success of Patriot Conceptions.”</p>
<p>IVMF Program Alumni:<br/>
EDGE ’23, ’24 | EBV-A ’23 | VPPCE ’23 | CEOCircle ’24</p>
</div>
<div class=""personal_details"">
<p>Haotian Bai</p>
<p>U.S. Army</p>
</div>
</div>
</div>
</article>
</div>"
https://ivmf.syracuse.edu/alumni/ebv-pps/,Alumni,1,"“The EBV-A and EDGE programs built upon my previous skills and experiences in civil engineering, software development, and digital marketing. Upon completing the programs, the IVMF continued to support me through their Post Program Support resources. I took advantage of their alumni network, ongoing mentorship opportunities, and access to additional training sessions. These services eased my transition and significantly benefited my business by providing continuous learning and networking opportunities. My experience with the IVMF has been incredibly positive. The organization’s dedication to empowering veteran entrepreneurs is evident in the quality of their programs and the ongoing support they provide. I am grateful for the knowledge, skills, and connections I gained through the EBV-A and EDGE programs, which have been pivotal in the growth and success of Patriot Conceptions.” IVMF Program Alumni: EDGE ’23, ’24 | EBV-A ’23 | VPPCE ’23 | CEOCircle ’24",Haotian Bai U.S. Army,https://ivmf.syracuse.edu/wp-content/uploads/2024/08/Haotian-Bai_web.jpg,Haotian Bai,"<div class=""testimonial background-gray"">
<article class=""grid-container"">
<div class=""grid-x"">
<div class=""image-conainer"">
<img alt=""Haotian Bai"" class=""image image-size_column-4"" loading=""lazy"" src=""https://ivmf.syracuse.edu/wp-content/uploads/2024/08/Haotian-Bai_web.jpg"" srcset=""https://ivmf.syracuse.edu/wp-content/uploads/2024/08/Haotian-Bai_web.jpg 1914w, https://ivmf.syracuse.edu/wp-content/uploads/2024/08/Haotian-Bai_web-300x300.jpg 300w, https://ivmf.syracuse.edu/wp-content/uploads/2024/08/Haotian-Bai_web-1024x1019.jpg 1024w, https://ivmf.syracuse.edu/wp-content/uploads/2024/08/Haotian-Bai_web-150x150.jpg 150w, https://ivmf.syracuse.edu/wp-content/uploads/2024/08/Haotian-Bai_web-768x764.jpg 768w, https://ivmf.syracuse.edu/wp-content/uploads/2024/08/Haotian-Bai_web-1536x1529.jpg 1536w, https://ivmf.syracuse.edu/wp-content/uploads/2024/08/Haotian-Bai_web-500x498.jpg 500w, https://ivmf.syracuse.edu/wp-content/uploads/2024/08/Haotian-Bai_web-800x796.jpg 800w, https://ivmf.syracuse.edu/wp-content/uploads/2024/08/Haotian-Bai_web-1280x1274.jpg 1280w, https://ivmf.syracuse.edu/wp-content/uploads/2024/08/Haotian-Bai_web-125x125.jpg 125w, https://ivmf.syracuse.edu/wp-content/uploads/2024/08/Haotian-Bai_web-50x50.jpg 50w, https://ivmf.syracuse.edu/wp-content/uploads/2024/08/Haotian-Bai_web-640x637.jpg 640w, https://ivmf.syracuse.edu/wp-content/uploads/2024/08/Haotian-Bai_web-1440x1433.jpg 1440w"" title=""Haotian Bai""/> </div>
<div class=""copy"">
<div class=""quote"">
<p>“The EBV-A and EDGE programs built upon my previous skills and experiences in civil engineering, software development, and digital marketing. Upon completing the programs, the IVMF continued to support me through their Post Program Support resources. I took advantage of their alumni network, ongoing mentorship opportunities, and access to additional training sessions. These services eased my transition and significantly benefited my business by providing continuous learning and networking opportunities. My experience with the IVMF has been incredibly positive. The organization’s dedication to empowering veteran entrepreneurs is evident in the quality of their programs and the ongoing support they provide. I am grateful for the knowledge, skills, and connections I gained through the EBV-A and EDGE programs, which have been pivotal in the growth and success of Patriot Conceptions.”</p>
<p>IVMF Program Alumni:<br/>
EDGE ’23, ’24 | EBV-A ’23 | VPPCE ’23 | CEOCircle ’24</p>
</div>
<div class=""personal_details"">
<p>Haotian Bai</p>
<p>U.S. Army</p>
</div>
</div>
</div>
</article>
</div>"
https://ivmf.syracuse.edu/life-after-service/,Successful Life After Service,1,"“I got laid off from my former work this February. I wanted to change my career path but didn’t know where to start. My husband, who is a veteran, recommended this program which he found on Facebook. Luckily, I was able to be part of Onward to Opportunity that started in March. I was aiming for CompTIA A+ certification since I had one experience in that field as an assistant. However, that was years ago and while I was working as an administrative assistant and a manager, so many things have changed. I thought I was able to pass two tests much faster than the deadline but there were so many new things that I didn’t know about, it took me 6 months. During that time, the program manager, advisor, and coordinator were all there to answer my questions. I really appreciate it. Moreover, this program will pay for your exam! I didn’t want to waste their vouchers so I studied really hard. I’m so glad that I got in this program. Thank you so much!” Joint Base Lewis-McChord CompTIA A+ (2021 Graduate)",Seulbee Lee Military Spouse,https://ivmf.syracuse.edu/wp-content/uploads/2023/07/Seulbee-Lee.jpg,Suelbee Lee,"<div class=""testimonial background-white"">
<article class=""grid-container"">
<div class=""grid-x"">
<div class=""image-conainer"">
<img alt=""Suelbee Lee"" class=""image image-size_column-4"" loading=""lazy"" src=""https://ivmf.syracuse.edu/wp-content/uploads/2023/07/Seulbee-Lee.jpg"" srcset=""https://ivmf.syracuse.edu/wp-content/uploads/2023/07/Seulbee-Lee.jpg 454w, https://ivmf.syracuse.edu/wp-content/uploads/2023/07/Seulbee-Lee-300x300.jpg 300w, https://ivmf.syracuse.edu/wp-content/uploads/2023/07/Seulbee-Lee-150x150.jpg 150w, https://ivmf.syracuse.edu/wp-content/uploads/2023/07/Seulbee-Lee-125x125.jpg 125w, https://ivmf.syracuse.edu/wp-content/uploads/2023/07/Seulbee-Lee-50x50.jpg 50w"" title=""Suelbee Lee""/> </div>
<div class=""copy"">
<div class=""quote"">
<p><span class=""ui-provider fy b c d e f g h i j k l m n o p q r s t u v w x y z ab ac ae af ag ah ai aj ak"" dir=""ltr"">“I got laid off from my former work this February. I wanted to change my career path but didn’t know where to start. My husband, who is a veteran, recommended this program which he found on Facebook. Luckily, I was able to be part of Onward to Opportunity that started in March. I was aiming for CompTIA A+ certification since I had one experience in that field as an assistant. However, that was years ago and while I was working as an administrative assistant and a manager, so many things have changed. I thought I was able to pass two tests much faster than the deadline but there were so many new things that I didn’t know about, it took me 6 months. During that time, the program manager, advisor, and coordinator were all there to answer my questions. I really appreciate it. Moreover, this program will pay for your exam! I didn’t want to waste their vouchers so I studied really hard. I’m so glad that I got in this program. Thank you so much!”</span></p>
<p><em>Joint Base Lewis-McChord</em><br/>
<em>CompTIA A+ (2021 Graduate)</em><strong><br/>
</strong></p>
</div>
<div class=""personal_details"">
<p>Seulbee Lee</p>
<p>Military Spouse</p>
</div>
</div>
</div>
</article>
</div>"
